NAME,ID
Erasmus University – Rotterdam School of Management (RSM),1674
Vlerick Business School,2235
Alliance Manchester Business School,2242
ESMT Berlin,2311
INSEAD,2374
Nyenrode Business University,2403
Cambridge Judge Business School,3048
Frankfurt School of Finance & Management,4317
UBC Sauder School of Business,4405
Athena School of Management,5154
Business School Netherlands (BSN),5186
Copenhagen Business School (CBS),5189
Cranfield School of Management,5193
"Vanderbilt University, Owen Graduate School of Management",5911
Bond University,5912
Smith School of Business @ Queen’s University,5914
Samuel Curtis Johnson Graduate School of Management at Cornell University,5915
"Georgetown University, McDonough School of Business",5916
HEC Paris,5917
IE Business School,5920
Esade,5921
"McCombs School of Business, University of Texas at Austin",5922
Brandeis International Business School,5925
"Simmons College, Boston",5926
Amsterdam Business School,5927
Maastricht School of Management,5928
Portland State School of Business Administration,5929
The University of Tampa,5932
"Foster School of Business, University of Washington",5933
Melbourne Business School,5936
"Boston University, Questrom School of Business",5937
EDHEC Business School,5938
CEIBS,5939
University of St.Gallen,5940
IMD Business School,5942
FGV EBAPE,5943
RMIT University,5944
SMU Cox School of Business,5947
Kedge Business School,5949
The Lisbon MBA,5950
Tuck School of Business,5951
EADA Business School Barcelona,5952
Emory University’s Goizueta Business School,5953
Jones Graduate School of Business – Rice University,5954
Florida International University,5955
INCAE Business School,5956
SDA Bocconi,5957
George Washington University-School of Business,5958
Stellenbosch Business School,5959
GIBS – University of Pretoria,5960
Indian School of Business,5961
"Robert H. Smith School of Business, University of Maryland",5962
"Kellstadt Graduate School of Business, DePaul Universty",5963
Henley Business School,5964
Imperial Business School,5965
NUS Business School,5966
Woxsen School of Business,5967
Chaifetz School of Business Saint Louis University,5968
ESSEC Business School,5969
University of Wisconsin-Madison,5970
Hult International Business School,5972
Willamette University MBA,5973
"Tepper School of Business, Carnegie Mellon University",5974
"University of Miami, Miami Herbert Business School",5975
Porto Business School,5976
UNLV Lee Business School,5977
UNC Kenan-Flagler,5978
Schulich School of Business,5979
Johns Hopkins Carey Business School,5980
Krannert School of Management at Purdue University,5981
University at Albany School of Business,5982
"Opus College of Business, University of St. Thomas – Minnesota",5983
"Beijing International MBA, Peking University",5984
"Baruch College, City University of New York",5985
"Bayes Business School, City University London",5986
"College of William and Mary, Raymond A. Mason School of Business",5987
IIM Indian Institute of Management Bangalore,5988
"Kelley School of Business, Indiana University Bloomington",5989
"Desautels Faculty of Management, McGill University",5990
UWA Business School,5991
"University of California, Berkeley – Haas School of Business",5992
Oregon State University College of Business,5993
University of Vermont- Grossman School of Business,5994
TIAS Business School,5996
"Ivy College of Business, Iowa State University",5997
"Darla Moore School of Business, University of South Carolina",5998
Rotman School of Management,5999
University of Cape Town Graduate School of Business (UCT-GSB),6000
MIP Politecnico di Milano,6001
"Beedie School of Business, Simon Fraser University",6002
IESE Business School,6003
University of Bath School of Management,6004
Guanghua School of Management,6005
Durham University Business School,6006
"Saïd Business School, University of Oxford",6007
Penn State Smeal College of Business,6008
ESCP Business School,6009
University of Hertfordshire,6010
EU Business School,6011
Grenoble Ecole de Management,6012
HKUST Business School,6013
"Carlson School of Management, University of Minnesota",6014
Baylor University Hankamer School of Business,6015
Rome Business School,6016
AGSM UNSW Business School,6017
Boston College Carroll School of Management,6018
Fogelman College of Business & Economics,6019
"F.W. Olin Graduate School of Business, Babson College",6020
Asia School of Business,6021
HHL Leipzig Graduate School of Management,6022
California Lutheran University,6023
"HKU, The University of Hong Kong",6024
University of Edinburgh Business School,6025
Asian Institute of Management,6026
UCD Smurfit Graduate Business School,6027
Ivey Business School,6029
University of Auckland Business School,6030
"Lundquist College of Business, University of Oregon",6031
Bentley University,6032
Lehigh University,6033
"University of Rochester, Simon Business School",6034
Bologna Business School,6035
GISMA Business School,6036
Odette School of Business,6037
University of Michigan Stephen M. Ross School of Business,6038
Syracuse University’s Whitman School of Management,6039
CUHK Business School,6040
University of California Riverside,6041
The University of Kansas (KU) School of Business,6042
University of Rhode Island,6043
Gies College of Business University of Illinois,6044
University of San Diego,6045
"Gatton College of Business & Economics, Kentucky University",6046
The International School of Management (ISM),6047
IPADE Business School,6048
London Business School,6049
Darden School of Business,6050
"Fisher College of Business, The Ohio State University",6051
WHU – Otto Beisheim School of Management,6052
"Sofaer Global MBA, Coller School of Management",6053
Warwick Business School,6054
Stockholm School of Economics,6055
Columbia Business School,6056
University of Sydney Business School,6057
University of Illinois at Chicago College of Business,6058
Arizona State University,6059
"Quinlan School of Business, Loyola University",6060
Cheung Kong Graduate School of Business,6061
"Woodbury School of Business, Utah Valley University",6062
"University of Southern Indiana, Romain College of Business",6063
ESLSCA Business School,6064
Hanken School of Economics,6065
HEC Montréal,6066
Beuth University of Applied Sciences Berlin,6067
Cork University Business School,6068
SolBridge International School of Business,6069
IMT Dubai,6070
NEOMA Business School,6071
Northwestern University’s Kellogg School of Management,6072
"Chapman University, Argyros School of Business",6073
MIT Sloan School of Management,6074
UMIO | Maastricht University,6075
UC San Diego Rady School of Management,6076
Goethe Business School,6077
"University of Cincinnati, The Lindner MBA",6078
Harvard Business School,6079
"Birmingham Business School, University of Birmingham",6080
Georgia Tech Scheller College of Business,6081
University at Buffalo School of Management,6082
UNIL – HEC Lausanne,6083
Sabancı Business School,6084
Solvay Brussels School,6085
Diego Portales University,6086
ALU School of Business,6087
EAE Business School Barcelona,6088
IIMU Indian Institute of Management Udaipur,6089
SKK Graduate School of Business,6090
IREBS International Real Estate Business School,6091
Concordia University – John Molson School of Business,6092
Crummer Graduate School of Business at Rollins College,6093
UCI Paul Merage School of Business,6094
Technical University of Denmark DTU,6095
GLOBIS University,6096
University of Georgia Terry College of Business,6097
Yale School of Management,6098
American University Dubai,6099
SKEMA Business School,6100
Drucker School of Management – Claremont Graduate University,6101
UC Davis Graduate School of Management,6102
Deusto Business School,6103
Loyola Marymount University,6105
WU Executive Academy,6106
"San Ignacio University, Miami",6107
Santa Clara University – Leavey School of Business,6108
Luxembourg School of Business LSB,6110
Nanyang Business School,6112
Business School Lausanne,6113
Esslingen Graduate School,6114
Mannheim Business School,6115
Singapore Management University,6116
International University of Monaco IUM,6117
ISEM Fashion Business School,6118
Lagos Business School,6119
Fordham University – Gabelli School of Business,6120
La Salle Campus Barcelona – Ramon Llull University,6121
Anderson School of Management,6122
Geneva School of Economics and Management,6123
emba X,6124
ESEI International Business School Barcelona,6126
Vrije Universiteit Amsterdam (VU),6127
Geneva Business School,6128
Zurich Elite Business School ZEBS,6129
University of Houston – Victoria,6130
Webster University Leiden Campus,6131
Berlin School of Business and Innovation (BSBI),6132
"Duke University, Fuqua School of Business",6133
City University of Hong Kong,6134
TRIUM Global EMBA,6135
Rennes School of Business,6136
Adolfo Ibáñez University,6239
George Mason University School of Business,14665
EHL Hospitality Business School,15639
The College of New Jersey,16552
Merrick School of Business,18128
NHH Norwegian School of Economics,18948
Clemson University,19580
TCU Neeley School of Business,21007
Rider University,21899
University of San Francisco -School of Management,21920
BMI Executive Institute,24425
Saunders College of Business at Rochester Institute of Technology,28676
Michigan State University Broad College of Business,28852
Webster Vienna Private University,28853
TBS Education,29016
Trinity College Dublin,30705
Newcastle University Business School,31790
Barcelona Executive Business School – BEBS,32321
Antai College of Economics and Management,32322
Brunel Business School,32410
emlyon Business School,32684
Glion Institute of Higher Education,35961
IMM Global Executive MBA,36034
Global Executive OneMBA,36036
MBATUBE FAVORITES,36037
Kellogg-WHU,36072
McGill-HEC Montréal,36153
McGill MBA Japan,36263
Touro University Worldwide,36288
Nelson Mandela University Business School,36289
Unicaf University,36290
University of East London,36291
Liverpool John Moores University,36292
University of Suffolk,36293
Burgundy School of Business,36304
Esden Business School,36319
ESLSCA University Egypt,38091
Nottingham University Business School (NUBS),40293
Toronto Metropolitan University,41129
NYU Stern School of Business,41187
"Strome College of Business, Old Dominion Univesity",41212
Tomorrow University of Applied Sciences,41350
"Wits Business School, University of the Witwatersrand, Johannesburg",41383
University of Chicago Booth School of Business,41390
The London School of Economics and Political Science (LSE),41432
Manchester Metropolitan University Business School,41442
UCLA Anderson School of Management,41581
London Metropolitan University,42090
Dublin City University,42247
École des Ponts Business School,43460
University of Exeter Business School,43524
Stanford Graduate School of Business,43611
University of Canterbury,43616
EBS Business School,43809
Charles Sturt University,44635
Kühne Logistics University,44728
London Interdisciplinary School,46009
Southampton Business School,46099
Universiti Utara Malaysia (UUM),46352
Audencia Business School,46422
UCL Global Business School for Health,46431
Universidad de Chile,46435
"University of Missouri, Trulaske College of Business",46483
"NC State University, Poole College of Management",46581
C3S Business School,46615
UCL Global Business School for Health,46625
Test,46626
EGADE Business School,46685
Milpark Business School,54963
Othman Yeop Abdullah Graduate School of Business,57417